:START_ID(User),:END_ID(Trace)
-,003779e12b318f9fc4c085fe437fdc0f
-,00ffce66cd8c4470ea2f614e8a2834b6
-,01b27730b8fcb3d4f862a883fd032008
-,035e4e6f07a3148ccff39924a8028a23
-,04ee88b9a6b07e1d242ec1884470341e
-,05f703c6917d50ee3fe3871e029a40f9
-,0778f71a350314760ba51ff380f24e9e
-,079b2f66194a1119841b3e5948fe222c
-,08cf233d4b4dcfcf3cea2772fba52d85
-,093fd17516159fd496ed692ecc0be19e
-,09642fc2ecb50bd2d540e58cc596514d
-,0b340e97d912ab87422283cae087eaca
-,0b4151e124cd74e3b76ca5827d473343
-,0bcd73faffc468215df262bee82f8672
-,0c91c833980c66c3cf613a3f5a0578d6
-,0dcd23465fe1657797d8fa513ef2241c
-,0e2680941960919e1d7a6c06cd47fcd8
-,10858a0eceb73c32001c81da0900238e
-,138e15e4b583948061149e935bd85929
-,1583114303b71635de145c8ed2ca4bda
-,1a924232e8fd6a7057f6b8debc72b391
-,1c0747bfcc190c9ff2441137f767f121
-,1ccb043749393cf7cfb48420e94651ab
-,1ec0ab564e775c5e2d14e793b5c6e762
-,2072a261c49df6559d26d5bce04068a9
-,220218be3cc7673e8a6c50bcf61eab33
-,2262eb400ec3648e8077acb4888b2653
-,22cb5eb6dbc97c2845f95d8601bf1eb2
-,22f2aa5a41c6d813e28a86289f361a41
-,23558a2b1a3003a86e12c6ee945b3874
-,24a6ef3afd5861b18ab731fe64c98fd8
-,24ad37d79279da0f2160717e3d8d2e75
-,2583ef39bfbf88069c0d496e07ecbbd3
-,274877949b8c3a8cf46e0d31f1ad5e97
-,2a36d8d409477250b23ffd5142d146ae
-,2ca1d75c5c5936fa295225e42cdae23d
-,2ca76c9c86c0c37a6489615c289dc618
-,2e1b3cc6129bfee201778b63d07b8470
-,2f7f6982c6c15f4a02677387ff71d170
-,2f9d6f606318b27bae45a40215d4e5af
-,30aba790fcbb51c90392234a5f686ace
-,3155bb2977181a95b2f064d1025411b6
-,32f9ed11c90ba302cec716b791d8ed69
-,330bc03f615198cbdaba6e8707e5b3d3
-,3312b7509722d7e7fa99ab2fe2f60a68
-,349a4e9c889e6b98e98abdab3c863a4a
-,3599a70caf3baeded44c1ce5fb4ad94a
-,372eb389499685a7377983d09c6df80c
-,38950d1f21661ddd2aeabd632e6c78b9
-,38e082b33da9a4ee78a0e6ff28af6919
-,39b78b58a4a329e6cd2dbc072b03b2fd
-,3ae4b453136a4fca877bd88b134b9449
-,3ae554cb9d177080c030d59d28829279
-,3d5d0a386495afbe024537eb80edca45
-,3da6c8c37b26f90452e0e869c6460d35
-,3f4543a4c0ebf14ec9eb40ad9bab032d
-,3f4601f7ffde67ca7425b440a91171b9
-,3f78e2cf2cd68a8b203e9758a2ebc6b1
-,407f33b672cd0587128dcf8e775d9779
-,40861c10e665e2b847bc6e9170e86be7
-,424b504f4b8bff84aa16130436424f8c
-,42a816a04d540ad700279b5368a6aa05
-,4377e2467074ff1e9374b6126a8c7640
-,43bda29fb27f63dae74e8f693ca904da
-,449c4813496a722d5b8a5d5cc3bc065f
-,4609f9ebc2be53e82e31ece6cf722703
-,462d7d7d4185818be5b8386cf30b4518
-,4637180b6710ba2009116dc67ab7d126
-,47608b3d5ac8c138cf8438c215a56562
-,47b7b49febad35393e82d69ec7eae544
-,48727b0703e2ac3c52d806e3cb17960f
-,4906f8490f88b8db2e9b316e5c5df67e
-,494e98e5600dd5d3d7c1292d520b1144
-,4a2002d7cc7af2ca10bcd6edce2bece0
-,4affa8c97d3dfc9acbae2982b3e750ad
-,4b37cfc8be6ce8ef9c5ffa9c7dcd8575
-,4b8c387a5cfb992f6ac6eb53f0111c3a
-,4cea87e7e4160a4b45e6fda6e49a14e1
-,500f3d08c0273cd1df85f38191946aaf
-,5305c0dd44dd02b1dd2a672916325d06
-,5435268029b1cba80553a74b979a5876
-,5478e137d6cd98d1b62528fe01355d57
-,567860befac5bfae43b8d138de94adbc
-,56aadc59d4d577e81c8140bf29e3cd8c
-,57694bcdf0fefdb5f303c84d2f7fb2fe
-,57f44f96adce71ce33a153e589c0cf51
-,58254c5334037fde35f00326e7113452
-,5886b881e1d8f9e3d25626b465184996
-,58932056097bb22d3bdbaa2cd8ec129c
-,595b2d0ed30f6fdc881600f348302113
-,59ec541cc6a64ae6ddf0e6fbe28d747d
-,5c8bcf82a70414393249648bed77b997
-,5e095c6507d445c0119d80003cf09537
-,605dfb408d7946068e77035f969dca65
-,61a26c4aeaee48a6b4594c5d92c869b9
-,6210dead77a3b67fcf444a6250321aab
-,6210e8489ca352d3530e6ec911fbc579
-,68bf08d5bea651302c9f8ccd5b8af9c0
-,6acdb19c83e056ab0ff0b8f4e253b495
-,6ada39885b311a2f849d83fc8f5e81fb
-,6e3181bb9e71f805fafc54db564e1865
-,6e80fa0fdde305fd17c7c2596a537d4e
-,6ea016ee3ea44117eaea9aed1f0c90da
-,6ed4b36464bcb7e482a00d2560830160
-,73b8339b093d3a9a5508461df6c14b1e
-,74b3cfc6dfb8850af48ab3c48c5ad6e7
-,77457ecfd88f69809e5ea44655aa440d
-,780582a5d6be4f12ce43afbd1cb95250
-,780898e147d55fc30b062ed4197c55d4
-,783c365fe55ddca47c9234163c1aa940
-,7871e168e00800ec48f19ab4e5c29a7b
-,7a9ce34997ead9448dd55d6026f26d3c
-,7c6bdde89ffdff7e6a7e45a008400298
-,7e7d6f70654aa0a78dc228eba7d214df
-,7f5f74eba5628f67bdaa35597c0d57f5
-,7f97411f5ec5250d6b99aacc790e29af
-,7fca973d0bdee410b84f381498d6c654
-,81039916e4b52feb10951306344f9e21
-,845a57d7c39baf56cd4a4bcb62bbde0b
-,862e5b965c9448ed3bfd49ee1985bd18
-,867c0d6d02c5898a98bd044b0771b658
-,87b525fb417f40b1c75678810bde13c7
-,87d091e85b574242c407e1b162f0965e
-,89d28c6e633aea995ec307997c2db280
-,8a891237704a5e2d18403d4798caa5da
-,8c283e2cfaabaf48285dc4de3ab07774
-,8cc66ec36eab802e24fd1f886758bf59
-,8e8c214f97dcd55d9aee43d04fcd4392
-,8fa27adc8e68abfd9f564bac4a6404c0
-,903d663881efa9eeee11a63dac9c6d92
-,94059b2b6cfc0ccb480f2fa9485fd54d
-,94fc07ab9ea3d4affca65678426d57a8
-,954c0c3334d4aa43e33ebfbdca4e91ef
-,95e4e6f0cd21701b588636f49577ee1b
-,969f098eab91903d3bc6d0e2c70077aa
-,977291db1909e451bc5af3ddc491ce81
-,99645cd7cd050aca60d773c85b9f0cac
-,9aa0f7265006b27834f5b0ff26b760b2
-,9cd4513cddd34c98e5a944acf747a03f
-,9e18fdd06ff6485f1030fff846ec346a
-,9e5b13c86c486e73699fd1630487e1ce
-,9f3df2067f9126638ded51e1f5b11f00
-,a061d155baf374060e53e962c2255240
-,a14a783f6318a2c461ca3b78ce58dd58
-,a289b23e6e08595b6056c646b0646ab9
-,a2e1a507c2c069fee4ad69d0426911cf
-,a308abebdac57d95618e001eb3ed626e
-,a3fc19a5d66d8eba1ead7c2957aca7c4
-,a847c3622c9d3aa75657a4b82b3806c5
-,a9b9401a28254637b45489219ec339cb
-,aa6a7683434f94f1c8d3637eba590b7c
-,ab398a6128c20600c5ce6ac2df76636d
-,ab43efe1b1a5ea54f31871d3297f9e67
-,ab9b0d5a28b3f6fcf3066e92b4baa833
-,abe6102af8e217a73a84af72416665b1
-,acdaea2a60d5f5924571a66cca777550
-,ad76aa39f54fd88ad8aa15128baa0969
-,ae88bfd81f4a407681d53095ad648db0
-,aed54bf8e4455be60f462220410544f5
-,aff4309a22b610528205e3dd5b840373
-,b0728cfc4e35d6fc96fd37dd4da19f5b
-,b0848302e13c53fc8310744ecd78248e
-,b143c7828ae4f34e20d29df950e71e12
-,b1bed2539452e8f77a614c426c97797e
-,b56a95693531c3225de0689a6f1b0d3a
-,b651e642c2ba36fcc8be18e172c64276
-,b71758057030dbfbfa64b29f60e36d0b
-,b7e77fb15738726a7d8dbb1e2c735fd1
-,b81a8677d583d682ae6016186452cf93
-,b910e68fc64b3206b28b994ff0761265
-,b94dfc55e2fb1348962df8c3aab07a2f
-,b9e4b43c401cd78eb8d4f8172edf1e9c
-,bb34138f08a85393ed397267a200e008
-,bea64792fe3b294d228d9a50a5b3231a
-,c0140fd0fa60ab67241ba981dcfce60f
-,c0720a168cdbe2b63219588b0246b627
-,c2627e8abbed2c9a450036f04d5a1d73
-,c3c32fdf705470d47b5c7c0e5fbe8e3f
-,c3f3b58aa7fe9a7286279edd020f6e68
-,c3f4e87ac56a05c0ac7470eea826a54c
-,c42003bde50f8227a217ac4154ba2d31
-,c5037b592ce991ef63ee5ff8bea6fb7a
-,c509b8a786a0ef2a908719fc6512753d
-,c5346924ec250eadd20b49aaee2bfe25
-,c7414c0045c3cc9e66ca092ceeef1588
-,c75020456d18b75690ac6b19f4641634
-,c7694d2ef3cb32e3dd3d70d00a60baef
-,c7e48e07ed19c7ea348b964c20c838a8
-,c990317fe31a634f651610601679863d
-,cb45fff1d99756786eeec4022b3da9de
-,cce432032104108221807b3688d40a91
-,cee8763289c28ba8506e15d2d6c7c584
-,d0dde1188845e7c58a2be372b0268215
-,d2aa74ba5aa02ae07d6579e43a5454ce
-,d31590fe151a7adf7f8ecf56bf86ef8b
-,d3455b36c78bb5f86b46b2697d31b9d1
-,d3eec503c97d7702b00147e7bbeaa6f4
-,d4536f517b309998c48ba6b7ccccd936
-,d6922d4e1d3b5c58e6c38d26a4529895
-,da33895f82b767403fb387f0317d37c9
-,dba6b9ed8e4a258e51090a92dd0a63fd
-,dbc2d790b44a3491e1dfe657b42b1732
-,dc82fcbc777578c26e7bb8d36cf9e296
-,ded5e26cee21fdd0e8d52c69993eec13
-,df04693f719634bc620826e7e35dc508
-,dfe741db854f4372a2eaace6afa13b81
-,e354891cee9029500c26b75fce594ee2
-,e5efb9af863daa5b48eca2ab3a60ba59
-,e709c2d5444cf1937bd62afe36fd7d4e
-,e94c3bf4c730173e27ab7000becfbbd7
-,ea35e321d5191728b8ed5b2bb1230557
-,eb43a9a544ebb142e1ef0c054221c9f4
-,eeac12e72bbcceb56b69fff782aa3a13
-,f307d79d661561faf7c3ccce0f496d73
-,f50bbaa6b2c243244a1a2dc8e47b9ec0
-,f94c8283a53f1dd194ae9cd022f354c8
-,fde5ffd13a052a15765cc810f6935736
-,fe0e804eb687c3be76f05ffc2876f17a
-,fec1e70c5b643845bb218c321ce19c0f
-,ff06abf42252d388a9a34bb19e44a459
-,ff4b1e01326e85f5ffd96b39d8680f44
DESKTOP-2I19OQ1\test,00d164704b354a220aecf39d30c8d9cc
DESKTOP-2I19OQ1\test,00ffce66cd8c4470ea2f614e8a2834b6
DESKTOP-2I19OQ1\test,05f703c6917d50ee3fe3871e029a40f9
DESKTOP-2I19OQ1\test,0785a1e2287ec3fb47b23b55e67f8695
DESKTOP-2I19OQ1\test,079b2f66194a1119841b3e5948fe222c
DESKTOP-2I19OQ1\test,0a014c72182425bcbc6831e0815dc80d
DESKTOP-2I19OQ1\test,0c19072a66a94fe548636d7b50a06bef
DESKTOP-2I19OQ1\test,10858a0eceb73c32001c81da0900238e
DESKTOP-2I19OQ1\test,1c0747bfcc190c9ff2441137f767f121
DESKTOP-2I19OQ1\test,1ec0ab564e775c5e2d14e793b5c6e762
DESKTOP-2I19OQ1\test,1fa32c91b745b4bae87790a40d9834dd
DESKTOP-2I19OQ1\test,2262eb400ec3648e8077acb4888b2653
DESKTOP-2I19OQ1\test,22cb5eb6dbc97c2845f95d8601bf1eb2
DESKTOP-2I19OQ1\test,2583ef39bfbf88069c0d496e07ecbbd3
DESKTOP-2I19OQ1\test,27076f234d130bcbda8aad6204e282a1
DESKTOP-2I19OQ1\test,3312b7509722d7e7fa99ab2fe2f60a68
DESKTOP-2I19OQ1\test,349a4e9c889e6b98e98abdab3c863a4a
DESKTOP-2I19OQ1\test,3ae554cb9d177080c030d59d28829279
DESKTOP-2I19OQ1\test,407f33b672cd0587128dcf8e775d9779
DESKTOP-2I19OQ1\test,43bda29fb27f63dae74e8f693ca904da
DESKTOP-2I19OQ1\test,449c4813496a722d5b8a5d5cc3bc065f
DESKTOP-2I19OQ1\test,4637180b6710ba2009116dc67ab7d126
DESKTOP-2I19OQ1\test,4b37cfc8be6ce8ef9c5ffa9c7dcd8575
DESKTOP-2I19OQ1\test,4b8c387a5cfb992f6ac6eb53f0111c3a
DESKTOP-2I19OQ1\test,57694bcdf0fefdb5f303c84d2f7fb2fe
DESKTOP-2I19OQ1\test,58932056097bb22d3bdbaa2cd8ec129c
DESKTOP-2I19OQ1\test,5e095c6507d445c0119d80003cf09537
DESKTOP-2I19OQ1\test,60719bfd5ed004bf207bb7d9a0db4c46
DESKTOP-2I19OQ1\test,61b7a60f9849a4f72fbdf4a196992660
DESKTOP-2I19OQ1\test,6210dead77a3b67fcf444a6250321aab
DESKTOP-2I19OQ1\test,6406c69887da6cc7b366859f370678bf
DESKTOP-2I19OQ1\test,6420bb8769ff6aaa67951297a308d6e6
DESKTOP-2I19OQ1\test,6f76450bbbc1426458199f7dc9a65b6e
DESKTOP-2I19OQ1\test,73e982dc496667eb2a47893d0eadd729
DESKTOP-2I19OQ1\test,79aa3cba5ede86046d70eed6a9cace9f
DESKTOP-2I19OQ1\test,7a2690f8523ec76fd6aa4c9692cace99
DESKTOP-2I19OQ1\test,7f5f74eba5628f67bdaa35597c0d57f5
DESKTOP-2I19OQ1\test,7f97411f5ec5250d6b99aacc790e29af
DESKTOP-2I19OQ1\test,80ff1c6ab2643adf92ae7df55caed7ef
DESKTOP-2I19OQ1\test,82c70c3966c5d2cd99fb0da8cbe5395f
DESKTOP-2I19OQ1\test,857514b39b26c6650adf74bcdb04fb0d
DESKTOP-2I19OQ1\test,8a891237704a5e2d18403d4798caa5da
DESKTOP-2I19OQ1\test,8c283e2cfaabaf48285dc4de3ab07774
DESKTOP-2I19OQ1\test,903d663881efa9eeee11a63dac9c6d92
DESKTOP-2I19OQ1\test,977291db1909e451bc5af3ddc491ce81
DESKTOP-2I19OQ1\test,99e1ad4a20d1f91e295abbeb750196e3
DESKTOP-2I19OQ1\test,a0d22d7410f805bbdd4992479294150d
DESKTOP-2I19OQ1\test,a446837a1e1595ade0ef26c56783d325
DESKTOP-2I19OQ1\test,a4d4e30b135af9028644adf4e8c1cdf1
DESKTOP-2I19OQ1\test,ab1a9cf18eaf7aad0ac26a01a23e73ab
DESKTOP-2I19OQ1\test,ab43efe1b1a5ea54f31871d3297f9e67
DESKTOP-2I19OQ1\test,abe6102af8e217a73a84af72416665b1
DESKTOP-2I19OQ1\test,ae064f403a6da0a245790085c1edb456
DESKTOP-2I19OQ1\test,aed54bf8e4455be60f462220410544f5
DESKTOP-2I19OQ1\test,b101c6cca0439f6d38d688e3473868eb
DESKTOP-2I19OQ1\test,b1bed2539452e8f77a614c426c97797e
DESKTOP-2I19OQ1\test,b71758057030dbfbfa64b29f60e36d0b
DESKTOP-2I19OQ1\test,b98167feeb896949a518bfdf76fbb888
DESKTOP-2I19OQ1\test,c3f4e87ac56a05c0ac7470eea826a54c
DESKTOP-2I19OQ1\test,c5346924ec250eadd20b49aaee2bfe25
DESKTOP-2I19OQ1\test,c7414c0045c3cc9e66ca092ceeef1588
DESKTOP-2I19OQ1\test,c7694d2ef3cb32e3dd3d70d00a60baef
DESKTOP-2I19OQ1\test,c9226647eb780e4e23328a9fd36096d5
DESKTOP-2I19OQ1\test,cb45fff1d99756786eeec4022b3da9de
DESKTOP-2I19OQ1\test,cf6b3234267ef3fe31970498149dfc3e
DESKTOP-2I19OQ1\test,d284078454aad40f73e312de24687e84
DESKTOP-2I19OQ1\test,d2aa74ba5aa02ae07d6579e43a5454ce
DESKTOP-2I19OQ1\test,d31590fe151a7adf7f8ecf56bf86ef8b
DESKTOP-2I19OQ1\test,d3455b36c78bb5f86b46b2697d31b9d1
DESKTOP-2I19OQ1\test,d3eec503c97d7702b00147e7bbeaa6f4
DESKTOP-2I19OQ1\test,d4536f517b309998c48ba6b7ccccd936
DESKTOP-2I19OQ1\test,d5b6e6ecbbaeaae15a383d144535ffa6
DESKTOP-2I19OQ1\test,da33895f82b767403fb387f0317d37c9
DESKTOP-2I19OQ1\test,de03f490634001da12b31fab7718e045
DESKTOP-2I19OQ1\test,ded5e26cee21fdd0e8d52c69993eec13
DESKTOP-2I19OQ1\test,e18a82fdccdca31e5a2c777cee6aee9d
DESKTOP-2I19OQ1\test,e5efb9af863daa5b48eca2ab3a60ba59
DESKTOP-2I19OQ1\test,e8462e867414bd2ec1cc791b10f8f53d
DESKTOP-2I19OQ1\test,f4b9b30635ad5fb4ede63039cb2f47d8
DESKTOP-2I19OQ1\test,f50bbaa6b2c243244a1a2dc8e47b9ec0
DESKTOP-2I19OQ1\test,f684fae5e8f6140bed390b2bd82cde8c
DESKTOP-2I19OQ1\test,f94c8283a53f1dd194ae9cd022f354c8
DESKTOP-2I19OQ1\test,fb1aa5afadc1afb437734a3918216c45
DESKTOP-2I19OQ1\test,ff4b1e01326e85f5ffd96b39d8680f44
NT AUTHORITY\LOCAL SERVICE,38e082b33da9a4ee78a0e6ff28af6919
NT AUTHORITY\LOCAL SERVICE,844ba285ba51902bf128adcd47279305
NT AUTHORITY\LOCAL SERVICE,eacf17910541b5f8e1bfcc70a94e994a
NT AUTHORITY\NETWORK SERVICE,07b9233df6d2cc48fa678bba78e9ead9
NT AUTHORITY\NETWORK SERVICE,35703110e29111a6bba98b35000ad4c9
NT AUTHORITY\NETWORK SERVICE,38e082b33da9a4ee78a0e6ff28af6919
NT AUTHORITY\NETWORK SERVICE,3f78e2cf2cd68a8b203e9758a2ebc6b1
NT AUTHORITY\NETWORK SERVICE,6406c69887da6cc7b366859f370678bf
NT AUTHORITY\NETWORK SERVICE,72f9522e58d7f2e17e1d9edf2b51742c
NT AUTHORITY\NETWORK SERVICE,833d18b6937886e25ddd9344da750890
NT AUTHORITY\NETWORK SERVICE,a154b9d31025afbb0a2c4407273fa994
NT AUTHORITY\NETWORK SERVICE,bb341498fc38f403ee6f415956ca4822
NT AUTHORITY\NETWORK SERVICE,d17dbdb510a41c0a11c8eb3861f06025
NT AUTHORITY\NETWORK SERVICE,df274adf2b8e840bedc546f322feb591
NT AUTHORITY\NETWORK SERVICE,eacf17910541b5f8e1bfcc70a94e994a
NT AUTHORITY\SYSTEM,0785a1e2287ec3fb47b23b55e67f8695
NT AUTHORITY\SYSTEM,0b30925c8e876469baba224da3f8a894
NT AUTHORITY\SYSTEM,0c19072a66a94fe548636d7b50a06bef
NT AUTHORITY\SYSTEM,13ee92ce5c669da02b9a735ce1042510
NT AUTHORITY\SYSTEM,1bb542da1389451e1617dd776e142981
NT AUTHORITY\SYSTEM,1e2dcb24c615e3efd9b31ba678ce3c8b
NT AUTHORITY\SYSTEM,21cd85d7ee334ca233a0b2376f8126a3
NT AUTHORITY\SYSTEM,27076f234d130bcbda8aad6204e282a1
NT AUTHORITY\SYSTEM,342878e0cb5ea93285e694e52998da4a
NT AUTHORITY\SYSTEM,36e007dfa678f1f45428de5bdbad6332
NT AUTHORITY\SYSTEM,38e082b33da9a4ee78a0e6ff28af6919
NT AUTHORITY\SYSTEM,3b6fad470fb5a7e1747d9828e99b1f9d
NT AUTHORITY\SYSTEM,3f78e2cf2cd68a8b203e9758a2ebc6b1
NT AUTHORITY\SYSTEM,43fd4e176e3a44fb5a5dcb6b2b0c3836
NT AUTHORITY\SYSTEM,4ba06107d6518e485b84ca77c442137e
NT AUTHORITY\SYSTEM,525cc7d19b0203a52e17c79c568b3808
NT AUTHORITY\SYSTEM,52c1800a9d9e07d522cf75cec31ec6eb
NT AUTHORITY\SYSTEM,54db64b28b101e1d7624885f08fb737b
NT AUTHORITY\SYSTEM,57f44f96adce71ce33a153e589c0cf51
NT AUTHORITY\SYSTEM,5c8abefb046a19382a74242c18a8ca13
NT AUTHORITY\SYSTEM,6420bb8769ff6aaa67951297a308d6e6
NT AUTHORITY\SYSTEM,6959c01cecf42500b8e98a5f10206daa
NT AUTHORITY\SYSTEM,6ea016ee3ea44117eaea9aed1f0c90da
NT AUTHORITY\SYSTEM,6ed4b36464bcb7e482a00d2560830160
NT AUTHORITY\SYSTEM,6f76450bbbc1426458199f7dc9a65b6e
NT AUTHORITY\SYSTEM,783c365fe55ddca47c9234163c1aa940
NT AUTHORITY\SYSTEM,79aa3cba5ede86046d70eed6a9cace9f
NT AUTHORITY\SYSTEM,79d2458ebe205ce854b72c7250ac7c27
NT AUTHORITY\SYSTEM,7a2690f8523ec76fd6aa4c9692cace99
NT AUTHORITY\SYSTEM,7d971f141e26648ca1d9479d59d343f5
NT AUTHORITY\SYSTEM,846e258b80746263d1872f2e78169c05
NT AUTHORITY\SYSTEM,8addb9066e2bc2319e812cc299a6026e
NT AUTHORITY\SYSTEM,8c3306fd164ab782215abbf396bcc048
NT AUTHORITY\SYSTEM,992afd05e9b4c650659054218cf3820d
NT AUTHORITY\SYSTEM,9aa0f7265006b27834f5b0ff26b760b2
NT AUTHORITY\SYSTEM,a0d22d7410f805bbdd4992479294150d
NT AUTHORITY\SYSTEM,a154b9d31025afbb0a2c4407273fa994
NT AUTHORITY\SYSTEM,ab1a9cf18eaf7aad0ac26a01a23e73ab
NT AUTHORITY\SYSTEM,ae064f403a6da0a245790085c1edb456
NT AUTHORITY\SYSTEM,b101c6cca0439f6d38d688e3473868eb
NT AUTHORITY\SYSTEM,b56ac50c7a02865242a276f202690c23
NT AUTHORITY\SYSTEM,b5e5517dddcbdc4b2f78b2505e680d56
NT AUTHORITY\SYSTEM,b7e77fb15738726a7d8dbb1e2c735fd1
NT AUTHORITY\SYSTEM,bc8f9502919badb9a3ef4676a716e7c8
NT AUTHORITY\SYSTEM,bea64792fe3b294d228d9a50a5b3231a
NT AUTHORITY\SYSTEM,c177c8435c5513d4a49f1de19b6ee685
NT AUTHORITY\SYSTEM,c2627e8abbed2c9a450036f04d5a1d73
NT AUTHORITY\SYSTEM,ca1a91015c6d00db4333745fdb197fb4
NT AUTHORITY\SYSTEM,cd67e5cbb56ac826bc6571c2564d86ff
NT AUTHORITY\SYSTEM,cf6b3234267ef3fe31970498149dfc3e
NT AUTHORITY\SYSTEM,d5b6e6ecbbaeaae15a383d144535ffa6
NT AUTHORITY\SYSTEM,e01a8014e08fb07d6441b617ad1daa8e
NT AUTHORITY\SYSTEM,e1393283e8852ebb89697b016e230b51
NT AUTHORITY\SYSTEM,e515dbb7e00c4ee0dccb37530230880c
NT AUTHORITY\SYSTEM,e6cada612c2a9645bf7de2c99a9516b6
NT AUTHORITY\SYSTEM,eacf17910541b5f8e1bfcc70a94e994a
NT AUTHORITY\SYSTEM,f63547deb0df6579394116f998710798
NT AUTHORITY\SYSTEM,fa603587d88294741e229e58bce2fd24
NT AUTHORITY\SYSTEM,ff06abf42252d388a9a34bb19e44a459
WIN-22UGE7OLB2T\Administrator,003779e12b318f9fc4c085fe437fdc0f
WIN-22UGE7OLB2T\Administrator,02f9397ec5a5aea107b763d3cf68f17c
WIN-22UGE7OLB2T\Administrator,08cf233d4b4dcfcf3cea2772fba52d85
WIN-22UGE7OLB2T\Administrator,0bcd73faffc468215df262bee82f8672
WIN-22UGE7OLB2T\Administrator,0c91c833980c66c3cf613a3f5a0578d6
WIN-22UGE7OLB2T\Administrator,0e2680941960919e1d7a6c06cd47fcd8
WIN-22UGE7OLB2T\Administrator,1583114303b71635de145c8ed2ca4bda
WIN-22UGE7OLB2T\Administrator,1a924232e8fd6a7057f6b8debc72b391
WIN-22UGE7OLB2T\Administrator,220218be3cc7673e8a6c50bcf61eab33
WIN-22UGE7OLB2T\Administrator,22f2aa5a41c6d813e28a86289f361a41
WIN-22UGE7OLB2T\Administrator,24ad37d79279da0f2160717e3d8d2e75
WIN-22UGE7OLB2T\Administrator,274877949b8c3a8cf46e0d31f1ad5e97
WIN-22UGE7OLB2T\Administrator,2775166b794211f8372b055ecdc21e85
WIN-22UGE7OLB2T\Administrator,2a36d8d409477250b23ffd5142d146ae
WIN-22UGE7OLB2T\Administrator,2f7f6982c6c15f4a02677387ff71d170
WIN-22UGE7OLB2T\Administrator,2f9d6f606318b27bae45a40215d4e5af
WIN-22UGE7OLB2T\Administrator,3155bb2977181a95b2f064d1025411b6
WIN-22UGE7OLB2T\Administrator,3599a70caf3baeded44c1ce5fb4ad94a
WIN-22UGE7OLB2T\Administrator,3ae4b453136a4fca877bd88b134b9449
WIN-22UGE7OLB2T\Administrator,3d5d0a386495afbe024537eb80edca45
WIN-22UGE7OLB2T\Administrator,3f4601f7ffde67ca7425b440a91171b9
WIN-22UGE7OLB2T\Administrator,42a816a04d540ad700279b5368a6aa05
WIN-22UGE7OLB2T\Administrator,462d7d7d4185818be5b8386cf30b4518
WIN-22UGE7OLB2T\Administrator,47b7b49febad35393e82d69ec7eae544
WIN-22UGE7OLB2T\Administrator,494e98e5600dd5d3d7c1292d520b1144
WIN-22UGE7OLB2T\Administrator,4a2002d7cc7af2ca10bcd6edce2bece0
WIN-22UGE7OLB2T\Administrator,4affa8c97d3dfc9acbae2982b3e750ad
WIN-22UGE7OLB2T\Administrator,525cc7d19b0203a52e17c79c568b3808
WIN-22UGE7OLB2T\Administrator,57b3f6481839b09599fab50d3f0e804a
WIN-22UGE7OLB2T\Administrator,57f44f96adce71ce33a153e589c0cf51
WIN-22UGE7OLB2T\Administrator,595b2d0ed30f6fdc881600f348302113
WIN-22UGE7OLB2T\Administrator,59ec541cc6a64ae6ddf0e6fbe28d747d
WIN-22UGE7OLB2T\Administrator,5c8bcf82a70414393249648bed77b997
WIN-22UGE7OLB2T\Administrator,61a26c4aeaee48a6b4594c5d92c869b9
WIN-22UGE7OLB2T\Administrator,68bf08d5bea651302c9f8ccd5b8af9c0
WIN-22UGE7OLB2T\Administrator,6acdb19c83e056ab0ff0b8f4e253b495
WIN-22UGE7OLB2T\Administrator,6ed4b36464bcb7e482a00d2560830160
WIN-22UGE7OLB2T\Administrator,780582a5d6be4f12ce43afbd1cb95250
WIN-22UGE7OLB2T\Administrator,780898e147d55fc30b062ed4197c55d4
WIN-22UGE7OLB2T\Administrator,783c365fe55ddca47c9234163c1aa940
WIN-22UGE7OLB2T\Administrator,7871e168e00800ec48f19ab4e5c29a7b
WIN-22UGE7OLB2T\Administrator,79d2458ebe205ce854b72c7250ac7c27
WIN-22UGE7OLB2T\Administrator,7a9ce34997ead9448dd55d6026f26d3c
WIN-22UGE7OLB2T\Administrator,7c6bdde89ffdff7e6a7e45a008400298
WIN-22UGE7OLB2T\Administrator,7e7d6f70654aa0a78dc228eba7d214df
WIN-22UGE7OLB2T\Administrator,7fca973d0bdee410b84f381498d6c654
WIN-22UGE7OLB2T\Administrator,862e5b965c9448ed3bfd49ee1985bd18
WIN-22UGE7OLB2T\Administrator,87d091e85b574242c407e1b162f0965e
WIN-22UGE7OLB2T\Administrator,8cc66ec36eab802e24fd1f886758bf59
WIN-22UGE7OLB2T\Administrator,94059b2b6cfc0ccb480f2fa9485fd54d
WIN-22UGE7OLB2T\Administrator,954c0c3334d4aa43e33ebfbdca4e91ef
WIN-22UGE7OLB2T\Administrator,95e4e6f0cd21701b588636f49577ee1b
WIN-22UGE7OLB2T\Administrator,9aa0f7265006b27834f5b0ff26b760b2
WIN-22UGE7OLB2T\Administrator,9e18fdd06ff6485f1030fff846ec346a
WIN-22UGE7OLB2T\Administrator,9e5b13c86c486e73699fd1630487e1ce
WIN-22UGE7OLB2T\Administrator,a061d155baf374060e53e962c2255240
WIN-22UGE7OLB2T\Administrator,a289b23e6e08595b6056c646b0646ab9
WIN-22UGE7OLB2T\Administrator,a3fc19a5d66d8eba1ead7c2957aca7c4
WIN-22UGE7OLB2T\Administrator,acdaea2a60d5f5924571a66cca777550
WIN-22UGE7OLB2T\Administrator,ae88bfd81f4a407681d53095ad648db0
WIN-22UGE7OLB2T\Administrator,b0848302e13c53fc8310744ecd78248e
WIN-22UGE7OLB2T\Administrator,b7e77fb15738726a7d8dbb1e2c735fd1
WIN-22UGE7OLB2T\Administrator,b81a8677d583d682ae6016186452cf93
WIN-22UGE7OLB2T\Administrator,b910e68fc64b3206b28b994ff0761265
WIN-22UGE7OLB2T\Administrator,bea64792fe3b294d228d9a50a5b3231a
WIN-22UGE7OLB2T\Administrator,c0140fd0fa60ab67241ba981dcfce60f
WIN-22UGE7OLB2T\Administrator,c2627e8abbed2c9a450036f04d5a1d73
WIN-22UGE7OLB2T\Administrator,c509b8a786a0ef2a908719fc6512753d
WIN-22UGE7OLB2T\Administrator,c75020456d18b75690ac6b19f4641634
WIN-22UGE7OLB2T\Administrator,c990317fe31a634f651610601679863d
WIN-22UGE7OLB2T\Administrator,d0dde1188845e7c58a2be372b0268215
WIN-22UGE7OLB2T\Administrator,d6922d4e1d3b5c58e6c38d26a4529895
WIN-22UGE7OLB2T\Administrator,dba6b9ed8e4a258e51090a92dd0a63fd
WIN-22UGE7OLB2T\Administrator,dbc2d790b44a3491e1dfe657b42b1732
WIN-22UGE7OLB2T\Administrator,df04693f719634bc620826e7e35dc508
WIN-22UGE7OLB2T\Administrator,e93da12300d7c35cdcb7a29d96c5f064
WIN-22UGE7OLB2T\Administrator,eb43a9a544ebb142e1ef0c054221c9f4
WIN-22UGE7OLB2T\Administrator,fde5ffd13a052a15765cc810f6935736
WIN-22UGE7OLB2T\Administrator,fe0e804eb687c3be76f05ffc2876f17a
WIN-22UGE7OLB2T\Administrator,fec1e70c5b643845bb218c321ce19c0f
WIN-22UGE7OLB2T\Administrator,ff06abf42252d388a9a34bb19e44a459
WIN-HQF5EGPNH54\Administrator,039cf4bae59e5aacae29a56a0dd1d0de
WIN-HQF5EGPNH54\Administrator,051bc13d5598e84da6b85f5bfe772a9f
WIN-HQF5EGPNH54\Administrator,0b30925c8e876469baba224da3f8a894
WIN-HQF5EGPNH54\Administrator,36e007dfa678f1f45428de5bdbad6332
WIN-HQF5EGPNH54\Administrator,3b6fad470fb5a7e1747d9828e99b1f9d
WIN-HQF5EGPNH54\Administrator,52c1800a9d9e07d522cf75cec31ec6eb
WIN-HQF5EGPNH54\Administrator,5c8abefb046a19382a74242c18a8ca13
WIN-HQF5EGPNH54\Administrator,5f4994d2a98abf0207f95845d64cfd91
WIN-HQF5EGPNH54\Administrator,649b0506f8e4fe6b832e1668b39ced40
WIN-HQF5EGPNH54\Administrator,65cd3b6d287c7fee64d8554a52b9e742
WIN-HQF5EGPNH54\Administrator,7a4baa6c82a11629d5bbd4a0927589dd
WIN-HQF5EGPNH54\Administrator,846e258b80746263d1872f2e78169c05
WIN-HQF5EGPNH54\Administrator,94895098a8b57e7eee7f59c428696e5d
WIN-HQF5EGPNH54\Administrator,992afd05e9b4c650659054218cf3820d
WIN-HQF5EGPNH54\Administrator,aa1ed70df07b483b323e55bc9b10edfc
WIN-HQF5EGPNH54\Administrator,b006e9fd3b6259e83d8af2fef64bd0e4
WIN-HQF5EGPNH54\Administrator,bc8f9502919badb9a3ef4676a716e7c8
WIN-HQF5EGPNH54\Administrator,ca1a91015c6d00db4333745fdb197fb4
WIN-HQF5EGPNH54\Administrator,d31a33ba38b11f65718819d95383128d
WIN-HQF5EGPNH54\Administrator,e515dbb7e00c4ee0dccb37530230880c
WIN-HQF5EGPNH54\Administrator,e6cada612c2a9645bf7de2c99a9516b6
WIN-HQF5EGPNH54\Administrator,f0b51d16285214f257a93a355179b43b
WIN-JQPCJUH0S05\Administrator,1c2e21d0de5c1b2e51e66cb86b29de0e
WIN-JQPCJUH0S05\Administrator,21cd85d7ee334ca233a0b2376f8126a3
WIN-JQPCJUH0S05\Administrator,2c8f4dcb78005a2fcd7d52fd7c7f422c
WIN-JQPCJUH0S05\Administrator,4f352d6f22eaf245bcb0fa89bf4133c0
WIN-JQPCJUH0S05\Administrator,602becf5162ec264e16ca607e6e728c9
WIN-JQPCJUH0S05\Administrator,6229376bfb43d5cc0eec18c63d772734
WIN-JQPCJUH0S05\Administrator,65070708f4b6dfbd3127b3c1ab5d1604
WIN-JQPCJUH0S05\Administrator,68db1fb1ab01221b732c0d7777b67924
WIN-JQPCJUH0S05\Administrator,714262db3fb82240dd01e8f75e23179c
WIN-JQPCJUH0S05\Administrator,75017f5dd026c49919385141aa2ae60d
WIN-JQPCJUH0S05\Administrator,7d3032f894f4678346d7f4cbe13aad11
WIN-JQPCJUH0S05\Administrator,9154bd560bd2324d02358f24897c56e7
WIN-JQPCJUH0S05\Administrator,a1afb178d58f0c9678bca47d09ba164b
WIN-JQPCJUH0S05\Administrator,ac753e8ec10778f3bd333c00708b5202
WIN-JQPCJUH0S05\Administrator,ae678a8fca2804305c9094c5fe4cdcaa
WIN-JQPCJUH0S05\Administrator,b4ec15bae92ab6bdaeb35cb9a34735c4
WIN-JQPCJUH0S05\Administrator,b5d9e2083eb8374305334d9ec2f40728
WIN-JQPCJUH0S05\Administrator,bef2ce9ed2518d1c80765490a16f376d
WIN-JQPCJUH0S05\Administrator,c0d774afe97d5224da549e646523e8eb
WIN-JQPCJUH0S05\Administrator,c2cf81e913a80a9afae296465b5b8589
WIN-JQPCJUH0S05\Administrator,ea12da00536e43864d3dc3d256671362
WIN-JQPCJUH0S05\Administrator,f089e15d4b7692131bb795b07a6dc06b
WIN-KH0QS2E5QMD\Administrator,013290fb9de1a451d0b6ec0be0738f16
WIN-KH0QS2E5QMD\Administrator,093fd17516159fd496ed692ecc0be19e
WIN-KH0QS2E5QMD\Administrator,09642fc2ecb50bd2d540e58cc596514d
WIN-KH0QS2E5QMD\Administrator,0b340e97d912ab87422283cae087eaca
WIN-KH0QS2E5QMD\Administrator,0d6b27d6d2e95f5bd1b1f30c99200043
WIN-KH0QS2E5QMD\Administrator,0d7e0a23fef8d8c3d4ee727eb4488263
WIN-KH0QS2E5QMD\Administrator,0fe03149b014fbdeee067bc4f25f0c07
WIN-KH0QS2E5QMD\Administrator,138e15e4b583948061149e935bd85929
WIN-KH0QS2E5QMD\Administrator,14e20677f1c0fc3d0f36f3d870a3cbc2
WIN-KH0QS2E5QMD\Administrator,16bf3ec2651c639adcdbf64142f681ea
WIN-KH0QS2E5QMD\Administrator,2072a261c49df6559d26d5bce04068a9
WIN-KH0QS2E5QMD\Administrator,219027da1f550ca6522f6ee4a2dbea8c
WIN-KH0QS2E5QMD\Administrator,2ca1d75c5c5936fa295225e42cdae23d
WIN-KH0QS2E5QMD\Administrator,2e1b3cc6129bfee201778b63d07b8470
WIN-KH0QS2E5QMD\Administrator,3239cb0f87625068701816f0c44b3d30
WIN-KH0QS2E5QMD\Administrator,32f9ed11c90ba302cec716b791d8ed69
WIN-KH0QS2E5QMD\Administrator,3343232e863aa8730caa7cbcb3760e5e
WIN-KH0QS2E5QMD\Administrator,34b13b7e8e06657b799e25ab41a08755
WIN-KH0QS2E5QMD\Administrator,3525fd9432983f6bd3088e8a540b8686
WIN-KH0QS2E5QMD\Administrator,372eb389499685a7377983d09c6df80c
WIN-KH0QS2E5QMD\Administrator,3ac44f72aab957112bf17ada7201a87a
WIN-KH0QS2E5QMD\Administrator,3fe9203d057e100895d3851bd8204f87
WIN-KH0QS2E5QMD\Administrator,40861c10e665e2b847bc6e9170e86be7
WIN-KH0QS2E5QMD\Administrator,424b504f4b8bff84aa16130436424f8c
WIN-KH0QS2E5QMD\Administrator,4609f9ebc2be53e82e31ece6cf722703
WIN-KH0QS2E5QMD\Administrator,48727b0703e2ac3c52d806e3cb17960f
WIN-KH0QS2E5QMD\Administrator,4cea87e7e4160a4b45e6fda6e49a14e1
WIN-KH0QS2E5QMD\Administrator,4f0e8bcbdea5c1a5ad7ab8896864b39c
WIN-KH0QS2E5QMD\Administrator,500f3d08c0273cd1df85f38191946aaf
WIN-KH0QS2E5QMD\Administrator,51079ec4d624f5c6a0a385a671b902ea
WIN-KH0QS2E5QMD\Administrator,5138597ca874647c1746464f3793c681
WIN-KH0QS2E5QMD\Administrator,52e61dec18d76d71aba8fdf08c994651
WIN-KH0QS2E5QMD\Administrator,5429f6157799fea7e4312cd54c0f188c
WIN-KH0QS2E5QMD\Administrator,5478e137d6cd98d1b62528fe01355d57
WIN-KH0QS2E5QMD\Administrator,54db64b28b101e1d7624885f08fb737b
WIN-KH0QS2E5QMD\Administrator,55a87b355972b7cc38a802439edd93fd
WIN-KH0QS2E5QMD\Administrator,56aadc59d4d577e81c8140bf29e3cd8c
WIN-KH0QS2E5QMD\Administrator,5865b8280e088ca29102e25b154fe57c
WIN-KH0QS2E5QMD\Administrator,58dbc31a4a6d2055673d4349a95dbc4b
WIN-KH0QS2E5QMD\Administrator,605dfb408d7946068e77035f969dca65
WIN-KH0QS2E5QMD\Administrator,60b8867fd06935f8e4691d887edbb1d3
WIN-KH0QS2E5QMD\Administrator,6149432dfb50120abb6ad9d50577ff63
WIN-KH0QS2E5QMD\Administrator,62465d36e0fd6efd2862a1fee9be9d8a
WIN-KH0QS2E5QMD\Administrator,6627aa86dcd54314ae55ef4b8db2099a
WIN-KH0QS2E5QMD\Administrator,6775e90c50eaff6b446026b4b56d53e9
WIN-KH0QS2E5QMD\Administrator,6a7e752d6fd59791b6b416dd6645c4be
WIN-KH0QS2E5QMD\Administrator,6ada39885b311a2f849d83fc8f5e81fb
WIN-KH0QS2E5QMD\Administrator,6c5a71079a630f3364f2e377d56583cf
WIN-KH0QS2E5QMD\Administrator,6cdd8c0e285e290c94e89954f79cdc4e
WIN-KH0QS2E5QMD\Administrator,6ce02f038d53bcf0de45b0d64d124f98
WIN-KH0QS2E5QMD\Administrator,6e3181bb9e71f805fafc54db564e1865
WIN-KH0QS2E5QMD\Administrator,6ea016ee3ea44117eaea9aed1f0c90da
WIN-KH0QS2E5QMD\Administrator,76342db1314751813ce34c8f612db577
WIN-KH0QS2E5QMD\Administrator,7b654f1ccc3e2bf21582f72679fbe171
WIN-KH0QS2E5QMD\Administrator,7cc623966415a28373b13adb3e42f5b5
WIN-KH0QS2E5QMD\Administrator,7ceba8227b678798d4cd2177184d8de2
WIN-KH0QS2E5QMD\Administrator,7d971f141e26648ca1d9479d59d343f5
WIN-KH0QS2E5QMD\Administrator,7d9e1ab18389f4f75f5662dccb2abd14
WIN-KH0QS2E5QMD\Administrator,80626727b57e9a869233fbe058cbb797
WIN-KH0QS2E5QMD\Administrator,82414521f84ac451ed68513e6f17fc4e
WIN-KH0QS2E5QMD\Administrator,89ba7f535f40a20a8d7f20043144cf34
WIN-KH0QS2E5QMD\Administrator,89d28c6e633aea995ec307997c2db280
WIN-KH0QS2E5QMD\Administrator,8c8a92eadf96797a96a2bf983d31751d
WIN-KH0QS2E5QMD\Administrator,8c8d722837694a2cb1f3629cd94a74b2
WIN-KH0QS2E5QMD\Administrator,8e8ab8d27b966720dc74762561fa047a
WIN-KH0QS2E5QMD\Administrator,8e8c214f97dcd55d9aee43d04fcd4392
WIN-KH0QS2E5QMD\Administrator,8ef6078015effa429f200ae4bc748ff9
WIN-KH0QS2E5QMD\Administrator,8fa27adc8e68abfd9f564bac4a6404c0
WIN-KH0QS2E5QMD\Administrator,9273fb59065ad39b4106b62527332d54
WIN-KH0QS2E5QMD\Administrator,94fc07ab9ea3d4affca65678426d57a8
WIN-KH0QS2E5QMD\Administrator,953f7aa2860bf741fa65b9dab0ceae8c
WIN-KH0QS2E5QMD\Administrator,960d3439b21da4d2ebf63ad4dd2bb900
WIN-KH0QS2E5QMD\Administrator,969f098eab91903d3bc6d0e2c70077aa
WIN-KH0QS2E5QMD\Administrator,9cd4513cddd34c98e5a944acf747a03f
WIN-KH0QS2E5QMD\Administrator,9ed8579e583ba2280ec8e267b7b3b260
WIN-KH0QS2E5QMD\Administrator,9ef9eec5cef98540adb25abec8c0b9f7
WIN-KH0QS2E5QMD\Administrator,a14a783f6318a2c461ca3b78ce58dd58
WIN-KH0QS2E5QMD\Administrator,a154b9d31025afbb0a2c4407273fa994
WIN-KH0QS2E5QMD\Administrator,a2e1a507c2c069fee4ad69d0426911cf
WIN-KH0QS2E5QMD\Administrator,a5d0773c6bf27829d6ea7c6ba74169a7
WIN-KH0QS2E5QMD\Administrator,aa6a7683434f94f1c8d3637eba590b7c
WIN-KH0QS2E5QMD\Administrator,ab9b0d5a28b3f6fcf3066e92b4baa833
WIN-KH0QS2E5QMD\Administrator,af9383c4aa8b7429b326ffd15d8fef1d
WIN-KH0QS2E5QMD\Administrator,b00e60dd1847fe19ce22b6468734ab5a
WIN-KH0QS2E5QMD\Administrator,b143c7828ae4f34e20d29df950e71e12
WIN-KH0QS2E5QMD\Administrator,b1ad2012a87a16ebf03737e240ed9867
WIN-KH0QS2E5QMD\Administrator,b94dfc55e2fb1348962df8c3aab07a2f
WIN-KH0QS2E5QMD\Administrator,bd85f504c63d7240e9d505d259423e4b
WIN-KH0QS2E5QMD\Administrator,befd87dc8115eeb33351632fc30a58b9
WIN-KH0QS2E5QMD\Administrator,c0720a168cdbe2b63219588b0246b627
WIN-KH0QS2E5QMD\Administrator,c319e3d7d55da76c6a09a039f2291015
WIN-KH0QS2E5QMD\Administrator,c391671708cab25ac6cd17047be9c1c7
WIN-KH0QS2E5QMD\Administrator,c45cb025b5c5ca2c2db870b2667171c1
WIN-KH0QS2E5QMD\Administrator,c5037b592ce991ef63ee5ff8bea6fb7a
WIN-KH0QS2E5QMD\Administrator,c62c6b0e4dc2b9d3293f4adae549a1de
WIN-KH0QS2E5QMD\Administrator,c68cef2c20ba3cc40d3d4cc4c0d532ed
WIN-KH0QS2E5QMD\Administrator,c7e48e07ed19c7ea348b964c20c838a8
WIN-KH0QS2E5QMD\Administrator,c8f6d5d6dd7f1afe6e5dd4916f53e036
WIN-KH0QS2E5QMD\Administrator,cdfae09636bee560915da38d3b5c2971
WIN-KH0QS2E5QMD\Administrator,d165cd6fbf76b3b65e83114807402ce6
WIN-KH0QS2E5QMD\Administrator,d36f7680d3ecac2ab18659e6c2e37ca9
WIN-KH0QS2E5QMD\Administrator,d604d5933014ed5de0218934328da08b
WIN-KH0QS2E5QMD\Administrator,dbe93028a248710c63a27a448b7d773d
WIN-KH0QS2E5QMD\Administrator,dc82fcbc777578c26e7bb8d36cf9e296
WIN-KH0QS2E5QMD\Administrator,e709c2d5444cf1937bd62afe36fd7d4e
WIN-KH0QS2E5QMD\Administrator,e777f0cfdf217c012345a708515b4438
WIN-KH0QS2E5QMD\Administrator,ed9cd4666def9460295963b250cd2f14
WIN-KH0QS2E5QMD\Administrator,eeac12e72bbcceb56b69fff782aa3a13
WIN-KH0QS2E5QMD\Administrator,f05fb92fcc28071737c24540e183ca0a
WIN-KH0QS2E5QMD\Administrator,f0ee8504c053ccbba26d6dd9948a696e
WIN-KH0QS2E5QMD\Administrator,f2d6a22c2d623fb50cfc06d47558636f
WIN-KH0QS2E5QMD\Administrator,f307d79d661561faf7c3ccce0f496d73
WIN-KH0QS2E5QMD\Administrator,f71fdc853d7c4b28dbeffa665b93bbc7
WIN-KH0QS2E5QMD\Administrator,f850f2f909eba7553a4d236c3a2a6571
WIN-PPN4G981MCR\emps,01b27730b8fcb3d4f862a883fd032008
WIN-PPN4G981MCR\emps,035e4e6f07a3148ccff39924a8028a23
WIN-PPN4G981MCR\emps,04ee88b9a6b07e1d242ec1884470341e
WIN-PPN4G981MCR\emps,0778f71a350314760ba51ff380f24e9e
WIN-PPN4G981MCR\emps,0b4151e124cd74e3b76ca5827d473343
WIN-PPN4G981MCR\emps,0dcd23465fe1657797d8fa513ef2241c
WIN-PPN4G981MCR\emps,1ccb043749393cf7cfb48420e94651ab
WIN-PPN4G981MCR\emps,23558a2b1a3003a86e12c6ee945b3874
WIN-PPN4G981MCR\emps,24a6ef3afd5861b18ab731fe64c98fd8
WIN-PPN4G981MCR\emps,2ca76c9c86c0c37a6489615c289dc618
WIN-PPN4G981MCR\emps,30aba790fcbb51c90392234a5f686ace
WIN-PPN4G981MCR\emps,330bc03f615198cbdaba6e8707e5b3d3
WIN-PPN4G981MCR\emps,38950d1f21661ddd2aeabd632e6c78b9
WIN-PPN4G981MCR\emps,38e082b33da9a4ee78a0e6ff28af6919
WIN-PPN4G981MCR\emps,39b78b58a4a329e6cd2dbc072b03b2fd
WIN-PPN4G981MCR\emps,3da6c8c37b26f90452e0e869c6460d35
WIN-PPN4G981MCR\emps,3f4543a4c0ebf14ec9eb40ad9bab032d
WIN-PPN4G981MCR\emps,4377e2467074ff1e9374b6126a8c7640
WIN-PPN4G981MCR\emps,47608b3d5ac8c138cf8438c215a56562
WIN-PPN4G981MCR\emps,4906f8490f88b8db2e9b316e5c5df67e
WIN-PPN4G981MCR\emps,5305c0dd44dd02b1dd2a672916325d06
WIN-PPN4G981MCR\emps,5435268029b1cba80553a74b979a5876
WIN-PPN4G981MCR\emps,567860befac5bfae43b8d138de94adbc
WIN-PPN4G981MCR\emps,58254c5334037fde35f00326e7113452
WIN-PPN4G981MCR\emps,5886b881e1d8f9e3d25626b465184996
WIN-PPN4G981MCR\emps,6210e8489ca352d3530e6ec911fbc579
WIN-PPN4G981MCR\emps,6e80fa0fdde305fd17c7c2596a537d4e
WIN-PPN4G981MCR\emps,73b8339b093d3a9a5508461df6c14b1e
WIN-PPN4G981MCR\emps,74b3cfc6dfb8850af48ab3c48c5ad6e7
WIN-PPN4G981MCR\emps,77457ecfd88f69809e5ea44655aa440d
WIN-PPN4G981MCR\emps,81039916e4b52feb10951306344f9e21
WIN-PPN4G981MCR\emps,845a57d7c39baf56cd4a4bcb62bbde0b
WIN-PPN4G981MCR\emps,867c0d6d02c5898a98bd044b0771b658
WIN-PPN4G981MCR\emps,87b525fb417f40b1c75678810bde13c7
WIN-PPN4G981MCR\emps,99645cd7cd050aca60d773c85b9f0cac
WIN-PPN4G981MCR\emps,9f3df2067f9126638ded51e1f5b11f00
WIN-PPN4G981MCR\emps,a308abebdac57d95618e001eb3ed626e
WIN-PPN4G981MCR\emps,a847c3622c9d3aa75657a4b82b3806c5
WIN-PPN4G981MCR\emps,a9b9401a28254637b45489219ec339cb
WIN-PPN4G981MCR\emps,ab398a6128c20600c5ce6ac2df76636d
WIN-PPN4G981MCR\emps,ad76aa39f54fd88ad8aa15128baa0969
WIN-PPN4G981MCR\emps,aff4309a22b610528205e3dd5b840373
WIN-PPN4G981MCR\emps,b0728cfc4e35d6fc96fd37dd4da19f5b
WIN-PPN4G981MCR\emps,b56a95693531c3225de0689a6f1b0d3a
WIN-PPN4G981MCR\emps,b651e642c2ba36fcc8be18e172c64276
WIN-PPN4G981MCR\emps,b9e4b43c401cd78eb8d4f8172edf1e9c
WIN-PPN4G981MCR\emps,bb34138f08a85393ed397267a200e008
WIN-PPN4G981MCR\emps,c3c32fdf705470d47b5c7c0e5fbe8e3f
WIN-PPN4G981MCR\emps,c42003bde50f8227a217ac4154ba2d31
WIN-PPN4G981MCR\emps,cce432032104108221807b3688d40a91
WIN-PPN4G981MCR\emps,cee8763289c28ba8506e15d2d6c7c584
WIN-PPN4G981MCR\emps,dfe741db854f4372a2eaace6afa13b81
WIN-PPN4G981MCR\emps,e354891cee9029500c26b75fce594ee2
WIN-PPN4G981MCR\emps,e94c3bf4c730173e27ab7000becfbbd7
WIN-PPN4G981MCR\emps,ea35e321d5191728b8ed5b2bb1230557
WIN-Q5K8V1QHISE\windows,024434893b7ec538495f4837b86a6484
WIN-Q5K8V1QHISE\windows,042f2d1295e9bbd05a70667700a96bf3
WIN-Q5K8V1QHISE\windows,04654b4c3a701bab5cc55505efbd893d
WIN-Q5K8V1QHISE\windows,133e18dc23455b4f0009a0c1f8797858
WIN-Q5K8V1QHISE\windows,13ee92ce5c669da02b9a735ce1042510
WIN-Q5K8V1QHISE\windows,15e21f493f3d81a035577c65a981c092
WIN-Q5K8V1QHISE\windows,17365259544ab6d308cf41f33a8ef5a0
WIN-Q5K8V1QHISE\windows,187111052c367c3653cc840249b643f8
WIN-Q5K8V1QHISE\windows,187502941dfcfbadb955279bbf37c752
WIN-Q5K8V1QHISE\windows,221aef04dcbdf7ef7cf7afa39f1df83c
WIN-Q5K8V1QHISE\windows,23d7725cef7352bc5652ad8d3d5713e6
WIN-Q5K8V1QHISE\windows,2513a303f82af76d74eb0cf95261857e
WIN-Q5K8V1QHISE\windows,253e80055d8b45ac1c82a129fcd43a15
WIN-Q5K8V1QHISE\windows,2581bcc7721beee62ee812be564ed701
WIN-Q5K8V1QHISE\windows,2605447d40798f72fef3f341aa315a95
WIN-Q5K8V1QHISE\windows,265c7c06e75625da5355a07951726b3f
WIN-Q5K8V1QHISE\windows,2fe4c06117245856149dc1a34409ec7a
WIN-Q5K8V1QHISE\windows,30ef290da7f05e4cbad5832da33044e9
WIN-Q5K8V1QHISE\windows,31fa0e766e2943b37514a5f32f14e7c9
WIN-Q5K8V1QHISE\windows,33a13e210a9e41839b66c696a7fd8b0e
WIN-Q5K8V1QHISE\windows,35703110e29111a6bba98b35000ad4c9
WIN-Q5K8V1QHISE\windows,39e208fd7bc6d6c456e2199dc5ba7250
WIN-Q5K8V1QHISE\windows,3d29a4624e97418ee796d9a4366a920f
WIN-Q5K8V1QHISE\windows,3f78e2cf2cd68a8b203e9758a2ebc6b1
WIN-Q5K8V1QHISE\windows,43fd4e176e3a44fb5a5dcb6b2b0c3836
WIN-Q5K8V1QHISE\windows,47bc868412ddbc64c1bf1ecf123b8b62
WIN-Q5K8V1QHISE\windows,500e27418abccae84fa6f4d04dd6aeda
WIN-Q5K8V1QHISE\windows,5183f8d5a9b70e357a48a33a34f6a6eb
WIN-Q5K8V1QHISE\windows,51f539e2284873683669186ff07fb432
WIN-Q5K8V1QHISE\windows,55d608f6c00180e4d94b0b78f39abc1c
WIN-Q5K8V1QHISE\windows,567d83911d6ae0ebab5f6a094074b906
WIN-Q5K8V1QHISE\windows,5a161ac93e13987160d1c39c4619b0cf
WIN-Q5K8V1QHISE\windows,5e5940b03be76ae94db7b219f991b657
WIN-Q5K8V1QHISE\windows,69f9774663672826d7cbf2acf6d9d5cb
WIN-Q5K8V1QHISE\windows,6aee1f5195ab11c84f6bbdff5011b026
WIN-Q5K8V1QHISE\windows,6d685c1211407b82a557aa096aec5d12
WIN-Q5K8V1QHISE\windows,7044fe6edd95edee00ac4db723d075ff
WIN-Q5K8V1QHISE\windows,72f9522e58d7f2e17e1d9edf2b51742c
WIN-Q5K8V1QHISE\windows,74671ad05b290c93c7a28083d2bc4112
WIN-Q5K8V1QHISE\windows,7a44e8669ce93c6543edd80f27957fdf
WIN-Q5K8V1QHISE\windows,7a932e89f5da6cee5130ad7ac8c66123
WIN-Q5K8V1QHISE\windows,7a9374291b3c23c6dfdbfdecf886e566
WIN-Q5K8V1QHISE\windows,7b873b96e28bc8054fbde339337fb988
WIN-Q5K8V1QHISE\windows,7c3b2d0650f7295561429b416b75253f
WIN-Q5K8V1QHISE\windows,833d18b6937886e25ddd9344da750890
WIN-Q5K8V1QHISE\windows,89f4fad6b92240345305301ce382250a
WIN-Q5K8V1QHISE\windows,8ab342814eebb9050d3f3520a94afd53
WIN-Q5K8V1QHISE\windows,8addb9066e2bc2319e812cc299a6026e
WIN-Q5K8V1QHISE\windows,8b88b4f85ba6c6b82d3c5e44af4ffa57
WIN-Q5K8V1QHISE\windows,8c3306fd164ab782215abbf396bcc048
WIN-Q5K8V1QHISE\windows,8f9237883882c3427b684c9625ff284a
WIN-Q5K8V1QHISE\windows,93124a91283f6bb595fd37def66f9274
WIN-Q5K8V1QHISE\windows,9ab67becf91ec64414a7aaddc0c08cfc
WIN-Q5K8V1QHISE\windows,a20fdced7402711acc09dc18a8f48bce
WIN-Q5K8V1QHISE\windows,a2683ea3263ada8eb1cc36f03e919314
WIN-Q5K8V1QHISE\windows,a3723645b86ba22d43cb62009204362b
WIN-Q5K8V1QHISE\windows,a784d35167d29a996906992aee5e8150
WIN-Q5K8V1QHISE\windows,a985a7ba29f92d88652cc2f357020aa4
WIN-Q5K8V1QHISE\windows,b0cecc91fb4faa9d71e0bf59d69f19ee
WIN-Q5K8V1QHISE\windows,b56ac50c7a02865242a276f202690c23
WIN-Q5K8V1QHISE\windows,b5e5517dddcbdc4b2f78b2505e680d56
WIN-Q5K8V1QHISE\windows,b7ce81a53e8f18242b3ed3227afde9eb
WIN-Q5K8V1QHISE\windows,b97c3ad11bad3490d1917f7f3fdd58cd
WIN-Q5K8V1QHISE\windows,ba5c08e55f8f33b62dfef914d29fc145
WIN-Q5K8V1QHISE\windows,bad1651b1dcd0bfb52eb8fce8d161794
WIN-Q5K8V1QHISE\windows,bb341498fc38f403ee6f415956ca4822
WIN-Q5K8V1QHISE\windows,c3e7c5e1e83bcbd9fa3df735dd4d13c8
WIN-Q5K8V1QHISE\windows,c3f3b58aa7fe9a7286279edd020f6e68
WIN-Q5K8V1QHISE\windows,c4552f818a8d3ad4b3c166170c5ebb82
WIN-Q5K8V1QHISE\windows,c45813b78e464e4c3be9911e0a14c1bb
WIN-Q5K8V1QHISE\windows,c8771c55c194b0b579f3bed35de7ca04
WIN-Q5K8V1QHISE\windows,c8e827a0392393f15ec5accfa3de728a
WIN-Q5K8V1QHISE\windows,d17dbdb510a41c0a11c8eb3861f06025
WIN-Q5K8V1QHISE\windows,d34ad8dcb09ad0614f4e11f1f5fd3331
WIN-Q5K8V1QHISE\windows,d43da3ba69042a4debad3afbd7a0e707
WIN-Q5K8V1QHISE\windows,d462bd3470a19a9582f617183393943c
WIN-Q5K8V1QHISE\windows,db600f6234b906ac9179e81aa4bbe659
WIN-Q5K8V1QHISE\windows,dd3e5a7583d02ef4b8a5ca15df590915
WIN-Q5K8V1QHISE\windows,df274adf2b8e840bedc546f322feb591
WIN-Q5K8V1QHISE\windows,e01a8014e08fb07d6441b617ad1daa8e
WIN-Q5K8V1QHISE\windows,e1dacef6c77937edd4d7337b8260abc9
WIN-Q5K8V1QHISE\windows,e4b7f9c69709b43a044b506864c80e59
WIN-Q5K8V1QHISE\windows,e8dd40e58eb60c4e4025f5925f79fd54
WIN-Q5K8V1QHISE\windows,eff8ad5b6dc8c2468a209ec87073a950
WIN-Q5K8V1QHISE\windows,f20f40436bedf8f51513701df28425e2
WIN-Q5K8V1QHISE\windows,f64b184e49174fbdc76f542a83949f56
WIN-Q5K8V1QHISE\windows,f9d041a8f8ef1b1e36936535f9ed7aff
WIN-Q5K8V1QHISE\windows,fadceb906a6544cf92748fab26c741fd
WIN-Q5K8V1QHISE\windows,fc0d9124e6e60ef56e70f85432d07034
WORKGROUP\DESKTOP-2I19OQ1$,1e2dcb24c615e3efd9b31ba678ce3c8b
WORKGROUP\DESKTOP-2I19OQ1$,4ba06107d6518e485b84ca77c442137e
WORKGROUP\DESKTOP-2I19OQ1$,ae064f403a6da0a245790085c1edb456
WORKGROUP\WIN-HQF5EGPNH54$,eacf17910541b5f8e1bfcc70a94e994a
WORKGROUP\WIN-KH0QS2E5QMD$,a154b9d31025afbb0a2c4407273fa994
